estudiante_id,grupo_curso_id,EC1,EP1,EC2,EP2,EC3,EP3
20163434,1705265B,9,5,3,2,,
20163434,1705267A,9,13,6,6,,
20163434,1705271A,2,16,2,11,,
20163434,1705269A,2,9,3,1,,
20163434,1705270A,5,16,8,2,,
20163434,1705268A,3,6,8,6,,
20163434,1705272A,6,7,3,4,,
20163435,1705265B,4,13,18,3,,
20163435,1705267A,6,1,8,2,,
20163435,1705271A,4,12,13,11,,
20163435,1705269A,11,3,10,2,,
20163435,1705270A,3,9,7,7,,
20163435,1705268A,19,7,5,4,,
20163435,1705272A,15,3,4,11,,
20163988,1705265B,14,16,2,6,,
20163988,1705267A,5,6,6,8,,
20163988,1705271A,11,11,6,2,,
20163988,1705269A,4,8,3,14,,
20163988,1705270A,12,17,15,7,,
20163988,1705268A,4,2,17,4,,
20163988,1705272A,7,2,3,19,,
20172221,1705265B,1,8,1,4,,
20172221,1705267A,5,7,13,14,,
20172221,1705271A,5,7,3,6,,
20172221,1705269A,11,5,4,2,,
20172221,1705270A,18,11,17,4,,
20172221,1705268A,2,12,13,4,,
20172221,1705272A,3,6,4,2,,
20173455,1705265B,2,11,10,8,,
20173455,1705267A,5,11,17,3,,
20173455,1705271A,5,4,12,4,,
20173455,1705269A,10,15,12,10,,
20173455,1705270A,5,4,6,3,,
20173455,1705268A,10,3,3,10,,
20173455,1705272A,7,7,7,5,,
20173456,1705265B,12,7,1,1,,
20173456,1705267A,2,3,3,19,,
20173456,1705271A,6,4,7,4,,
20173456,1705269A,2,5,5,3,,
20173456,1705270A,2,5,5,8,,
20173456,1705268A,2,16,17,4,,
20173456,1705272A,4,3,6,6,,
20173458,1705265B,3,4,4,10,,
20173458,1705267A,5,2,4,5,,
20173458,1705271A,18,14,5,6,,
20173458,1705269A,8,3,2,6,,
20173458,1705270A,8,3,1,3,,
20173458,1705268A,1,4,4,8,,
20173458,1705272A,3,4,9,9,,
20173778,1705265B,10,4,5,10,,
20173778,1705267A,3,4,10,4,,
20173778,1705271A,5,4,19,4,,
20173778,1705269A,4,6,19,6,,
20173778,1705270A,3,1,13,5,,
20173778,1705268A,7,5,3,8,,
20173778,1705272A,3,3,17,5,,
20083194,1705265B,13,5,3,5,,
20083194,1705267A,7,4,3,2,,
20083194,1705271A,18,8,9,7,,
20083194,1705269A,4,5,9,8,,
20083194,1705270A,11,18,5,16,,
20083194,1705268A,8,3,5,9,,
20083194,1705272A,4,8,11,2,,
20084621,1705265B,10,3,9,8,,
20084621,1705267A,12,8,2,5,,
20084621,1705271A,5,2,8,2,,
20084621,1705269A,8,4,13,3,,
20084621,1705270A,6,6,2,4,,
20084621,1705268A,6,10,2,6,,
20084621,1705272A,9,8,4,11,,
20095936,1705265B,17,5,14,2,,
20095936,1705267A,7,6,5,3,,
20095936,1705271A,2,2,4,9,,
20095936,1705269A,4,13,7,12,,
20095936,1705270A,5,10,16,9,,
20095936,1705268A,2,7,4,7,,
20095936,1705272A,17,5,13,8,,
20102045,1705265B,4,13,10,6,,
20102045,1705267A,16,19,19,2,,
20102045,1705271A,20,9,6,3,,
20102045,1705269A,7,16,2,6,,
20102045,1705270A,1,10,16,18,,
20102045,1705268A,4,3,8,3,,
20102045,1705272A,2,5,2,6,,
20110752,1705265B,9,1,1,17,,
20110752,1705267A,8,5,5,14,,
20110752,1705271A,5,15,9,12,,
20110752,1705269A,5,3,3,5,,
20110752,1705270A,5,3,11,5,,
20110752,1705268A,10,10,5,18,,
20110752,1705272A,5,2,19,13,,
20111683,1705265B,9,10,3,4,,
20111683,1705267A,11,2,1,14,,
20111683,1705271A,7,5,11,5,,
20111683,1705269A,1,3,2,8,,
20111683,1705270A,4,4,8,10,,
20111683,1705268A,5,2,13,4,,
20111683,1705272A,6,4,6,2,,
20111697,1705265B,4,2,13,3,,
20111697,1705267A,9,15,6,2,,
20111697,1705271A,10,2,17,13,,
20111697,1705269A,8,3,3,6,,
20111697,1705270A,18,4,3,9,,
20111697,1705268A,6,14,11,3,,
20111697,1705272A,11,5,7,3,,
20111698,1705265B,4,10,10,4,,
20111698,1705267A,6,9,10,4,,
20111698,1705271A,6,5,8,1,,
20111698,1705269A,5,9,2,6,,
20111698,1705270A,7,12,18,5,,
20111698,1705268A,16,1,3,5,,
20111698,1705272A,2,3,9,8,,
20113478,1705265B,6,3,8,5,,
20113478,1705267A,1,7,3,12,,
20113478,1705271A,10,6,2,14,,
20113478,1705269A,11,5,9,1,,
20113478,1705270A,7,1,12,10,,
20113478,1705268A,9,7,2,7,,
20113478,1705272A,9,1,12,4,,
20182363,1705265B,14,1,5,4,,
20182363,1705267A,6,13,12,8,,
20182363,1705271A,7,1,5,6,,
20182363,1705269A,2,7,5,8,,
20182363,1705270A,12,4,12,7,,
20182363,1705268A,17,8,7,3,,
20182363,1705272A,8,7,4,19,,
20182903,1705265B,10,10,18,12,,
20182903,1705267A,4,17,2,5,,
20182903,1705271A,11,2,9,18,,
20182903,1705269A,3,6,4,7,,
20182903,1705270A,13,5,8,10,,
20182903,1705268A,4,6,8,8,,
20182903,1705272A,2,11,5,8,,
20182904,1705265B,12,2,19,6,,
20182904,1705267A,14,4,6,4,,
20182904,1705271A,10,3,7,17,,
20182904,1705269A,20,7,8,1,,
20182904,1705270A,3,3,5,10,,
20182904,1705268A,13,18,2,1,,
20182904,1705272A,13,5,2,1,,
20182905,1705265A,9,2,5,16,,
20182905,1705267A,1,14,2,5,,
20182905,1705271A,13,5,5,6,,
20182905,1705269A,3,4,1,11,,
20182905,1705268B,1,8,8,12,,
20182905,1705272A,9,7,8,3,,
20182906,1705265A,2,1,3,3,,
20182906,1705267A,3,6,6,3,,
20182906,1705271A,5,4,11,3,,
20182906,1705269A,5,8,11,13,,
20182906,1705268B,1,8,19,17,,
20182906,1705272A,1,11,4,17,,
20182910,1705265A,3,6,5,9,,
20182910,1705267A,12,7,3,16,,
20182910,1705271A,18,3,9,4,,
20182910,1705269A,2,6,5,2,,
20182910,1705268B,12,5,10,1,,
20182910,1705272A,6,5,2,12,,
20182911,1705265A,5,2,9,14,,
20182911,1705267A,3,12,11,16,,
20182911,1705271A,5,10,12,6,,
20182911,1705269A,10,4,5,3,,
20182911,1705268B,6,2,14,6,,
20182911,1705272A,2,17,5,17,,
20182913,1705265A,6,2,4,2,,
20182913,1705267A,6,10,5,7,,
20182913,1705271A,8,10,4,14,,
20182913,1705269A,10,8,5,4,,
20182913,1705268B,2,11,17,2,,
20182913,1705272A,4,14,4,8,,
20183202,1705265A,9,8,3,9,,
20183202,1705267A,4,11,4,8,,
20183202,1705271A,6,3,2,4,,
20183202,1705269A,1,8,7,18,,
20183202,1705268B,4,7,1,4,,
20183202,1705272A,9,2,10,4,,
20183290,1705265A,1,6,9,2,,
20183290,1705267A,2,5,4,16,,
20183290,1705271A,15,4,13,5,,
20183290,1705269A,5,4,7,8,,
20183290,1705268B,2,1,2,3,,
20183290,1705272A,2,8,8,14,,
20190049,1705265A,1,16,1,3,,
20190049,1705267A,13,16,12,9,,
20190049,1705271A,7,11,2,13,,
20190049,1705269A,14,1,6,6,,
20190049,1705268B,11,5,2,13,,
20190049,1705272A,16,2,13,4,,
20190224,1705265A,4,1,5,2,,
20190224,1705267A,7,5,10,11,,
20190224,1705271A,17,6,4,8,,
20190224,1705269A,11,5,12,15,,
20190224,1705268B,1,16,2,4,,
20190224,1705272A,17,4,12,6,,
20190652,1705265A,18,3,7,9,,
20190652,1705267A,10,17,9,10,,
20190652,1705271A,4,7,10,2,,
20190652,1705269A,5,3,4,8,,
20190652,1705268B,3,4,11,5,,
20190652,1705272A,8,6,7,16,,
20190740,1705265A,15,4,4,18,,
20190740,1705267A,3,8,1,4,,
20190740,1705271A,4,5,2,6,,
20190740,1705269A,6,12,5,11,,
20190740,1705268B,7,10,5,3,,
20190740,1705272A,11,1,15,13,,
20190741,1705265A,3,17,3,11,,
20190741,1705267A,10,2,9,9,,
20190741,1705271A,6,5,2,6,,
20190741,1705269A,10,8,3,5,,
20190741,1705268B,7,4,4,7,,
20190741,1705272A,2,3,5,9,,
20190742,1705265A,6,16,6,6,,
20190742,1705267A,2,5,4,3,,
20190742,1705271A,6,7,10,14,,
20190742,1705269A,8,11,12,6,,
20190742,1705268B,2,2,6,3,,
20190742,1705272A,17,15,7,13,,
20190743,1705265A,5,2,12,13,,
20190743,1705267A,12,11,5,1,,
20190743,1705271A,10,11,1,18,,
20190743,1705269A,15,12,18,7,,
20190743,1705268B,4,1,2,19,,
20190743,1705272A,13,6,2,12,,
20190744,1705265A,3,11,6,15,,
20190744,1705267A,3,1,9,19,,
20190744,1705271A,4,3,4,7,,
20190744,1705269A,3,2,5,2,,
20190744,1705268B,7,12,7,16,,
20190744,1705272A,18,14,4,12,,
20190745,1705265A,13,12,6,2,,
20190745,1705267A,4,12,17,2,,
20190745,1705271A,9,9,7,2,,
20190745,1705269A,2,17,6,8,,
20190745,1705268B,11,13,10,1,,
20190745,1705272A,8,12,16,7,,
20190746,1705265A,1,8,10,6,,
20190746,1705267A,15,11,11,6,,
20190746,1705271A,15,8,18,8,,
20190746,1705269A,17,10,10,11,,
20190746,1705268B,5,1,4,5,,
20190746,1705272A,12,1,4,6,,
20190747,1705265A,9,13,16,5,,
20190747,1705267A,7,2,2,4,,
20190747,1705271A,6,6,10,2,,
20190747,1705269A,12,7,9,1,,
20190747,1705268B,16,5,4,13,,
20190747,1705272A,10,15,6,6,,
20190748,1705265A,2,4,1,2,,
20190748,1705267A,8,8,1,2,,
20190748,1705271A,4,5,1,9,,
20190748,1705269A,16,2,6,17,,
20190748,1705268B,7,3,7,8,,
20190748,1705272A,4,6,13,1,,
20190750,1705265A,4,2,18,4,,
20190750,1705267A,4,10,7,4,,
20190750,1705271A,6,5,6,1,,
20190750,1705269A,1,8,12,1,,
20190750,1705268B,14,4,10,7,,
20190750,1705272A,8,5,13,18,,
20190751,1705272B,9,5,3,4,,
20190752,1705272B,1,7,10,15,,
20190754,1705272B,7,15,12,7,,
20190755,1705272B,15,1,9,16,,
20190759,1705272B,18,3,9,5,,
20190760,1705272B,6,6,12,6,,
20190761,1705272B,8,3,9,10,,
20190762,1705272B,7,8,14,3,,
20192261,1705272B,13,2,8,11,,
20192262,1705272B,2,7,2,7,,
20192263,1705272B,2,6,7,10,,
20192265,1705272B,5,4,6,15,,
20192266,1705272B,3,5,5,7,,
20192267,1705272B,2,4,1,3,,
20192268,1705272B,4,5,8,17,,
20192271,1705272B,17,2,9,8,,
20192272,1705272B,14,1,16,4,,
20192273,1705272B,3,5,7,2,,
20192274,1705272B,7,5,3,5,,
20192275,1705272B,6,3,1,3,,
20193061,1705272B,12,4,2,3,,
20193253,1705272B,4,18,6,6,,
20193254,1705272B,6,5,2,7,,
20193256,1705272B,7,1,5,2,,
20193258,1705272B,5,5,1,8,,
20193259,1705272B,4,4,3,6,,
20193260,1705272B,3,5,9,16,,
20193261,1705272B,8,18,7,16,,
20193264,1705272B,1,13,5,5,,
20141027,1704249A,11,6,6,5,,
20141027,1704251A,11,3,7,5,,
20141027,1704250A,9,3,1,9,,
20141027,1704255A,4,2,7,3,,
20141027,1704253A,10,5,8,1,,
20141027,1704248A,18,7,6,15,,
20141027,1704254B,5,1,8,5,,
20141027,1704252A,18,3,4,5,,
20150974,1704249A,5,2,18,6,,
20150974,1704251A,9,2,8,6,,
20150974,1704250A,7,3,1,3,,
20150974,1704255A,7,11,3,12,,
20150974,1704253A,10,5,14,8,,
20150974,1704248A,3,20,13,4,,
20150974,1704254B,13,2,15,16,,
20150974,1704252A,8,9,4,4,,
20151125,1704249A,8,3,4,9,,
20151125,1704251A,11,7,12,7,,
20151125,1704250A,5,7,8,5,,
20151125,1704255A,11,2,5,11,,
20151125,1704253A,3,3,10,1,,
20151125,1704248A,10,3,9,8,,
20151125,1704254B,6,2,1,11,,
20151125,1704252A,11,1,16,3,,
20153689,1704249A,12,5,2,5,,
20153689,1704251A,4,8,16,12,,
20153689,1704250A,10,15,17,2,,
20153689,1704255A,6,7,5,2,,
20153689,1704253A,3,5,13,8,,
20153689,1704248A,16,8,10,8,,
20153689,1704254B,7,7,14,18,,
20153689,1704252A,19,11,17,2,,
20153696,1704249A,2,18,9,2,,
20153696,1704251A,11,3,16,15,,
20153696,1704250A,5,5,1,5,,
20153696,1704255A,7,10,7,11,,
20153696,1704253A,5,10,12,11,,
20153696,1704248A,14,1,5,5,,
20153696,1704254B,12,8,4,11,,
20153696,1704252A,6,6,7,3,,
20180102,1704249A,4,8,8,5,,
20180102,1704251A,10,12,9,11,,
20180102,1704250A,4,4,4,3,,
20180102,1704255A,4,16,6,10,,
20180102,1704253A,8,2,6,8,,
20180102,1704248A,14,13,8,7,,
20180102,1704254B,5,10,2,4,,
20180102,1704252A,13,17,7,5,,
20180678,1704249A,6,4,12,4,,
20180678,1704251A,3,8,6,3,,
20180678,1704250A,1,6,5,7,,
20180678,1704255A,7,10,10,8,,
20180678,1704253A,3,11,4,2,,
20180678,1704248A,16,18,13,3,,
20180678,1704254B,6,7,13,14,,
20180678,1704252A,10,9,18,9,,
20180682,1704249A,7,6,9,2,,
20180682,1704251A,14,14,8,8,,
20180682,1704250A,4,3,1,11,,
20180682,1704255A,5,2,5,1,,
20180682,1704253A,8,12,5,17,,
20180682,1704248A,2,12,2,4,,
20180682,1704254B,9,12,3,5,,
20180682,1704252A,7,2,4,14,,
20180683,1704249A,3,2,10,8,,
20180683,1704251A,9,8,5,4,,
20180683,1704250A,5,8,13,4,,
20180683,1704255A,3,4,6,4,,
20180683,1704253A,14,4,5,2,,
20180683,1704248A,4,7,9,2,,
20180683,1704254B,8,4,3,4,,
20180683,1704252A,4,8,4,4,,
20180684,1704249A,16,8,11,8,,
20180684,1704251A,12,1,2,3,,
20180684,1704250A,10,6,6,17,,
20180684,1704255A,17,6,6,4,,
20180684,1704253A,5,10,11,12,,
20180684,1704248A,3,9,7,2,,
20180684,1704254B,7,4,11,5,,
20180684,1704252A,15,1,4,3,,
20180685,1704249A,4,2,4,1,,
20180685,1704251A,6,14,4,5,,
20180685,1704250A,7,9,9,1,,
20180685,1704255A,13,10,13,4,,
20180685,1704253A,18,13,5,15,,
20180685,1704248A,1,12,6,9,,
20180685,1704254B,8,3,6,2,,
20180685,1704252A,4,4,4,8,,
20180686,1704249A,7,8,12,3,,
20180686,1704251A,6,3,8,4,,
20180686,1704250A,16,9,15,13,,
20180686,1704255A,5,11,11,10,,
20180686,1704253A,19,16,7,5,,
20180686,1704248A,16,11,7,4,,
20180686,1704254B,9,6,11,5,,
20180686,1704252A,1,3,11,8,,
20180690,1704249A,4,5,3,11,,
20180690,1704251A,9,2,8,1,,
20180690,1704250A,17,8,13,5,,
20180690,1704255A,6,12,15,1,,
20180690,1704253A,8,1,11,1,,
20180690,1704248A,6,9,7,6,,
20180690,1704254B,11,2,4,5,,
20180690,1704252A,6,7,16,4,,
20180693,1704249A,17,19,2,4,,
20180693,1704251A,10,15,6,7,,
20180693,1704250A,8,17,18,5,,
20180693,1704255A,1,15,2,13,,
20180693,1704253A,3,13,3,12,,
20180693,1704248A,14,3,15,16,,
20180693,1704254B,3,4,13,1,,
20180693,1704252A,8,16,15,2,,
20180694,1704249A,7,9,9,4,,
20180694,1704251A,17,4,3,6,,
20180694,1704250A,7,11,7,7,,
20180694,1704255A,7,2,8,3,,
20180694,1704253A,16,7,2,5,,
20180694,1704248A,3,7,5,6,,
20180694,1704254B,17,4,10,13,,
20180694,1704252A,10,6,10,7,,
20180717,1704249A,5,9,9,5,,
20180717,1704251A,5,16,15,4,,
20180717,1704250A,7,3,3,19,,
20180717,1704255A,5,2,10,6,,
20180717,1704253A,12,3,1,2,,
20180717,1704248A,7,5,15,12,,
20180717,1704254B,4,16,4,14,,
20180717,1704252A,5,3,15,10,,
20181740,1704249A,6,11,4,9,,
20181740,1704251A,1,19,6,3,,
20181740,1704250A,17,7,4,1,,
20181740,1704255A,4,7,3,2,,
20181740,1704253A,3,5,3,18,,
20181740,1704248A,12,3,5,7,,
20181740,1704254B,13,2,9,5,,
20181740,1704252A,6,6,7,7,,
20181741,1704249A,16,1,6,4,,
20181741,1704251A,6,15,4,11,,
20181741,1704250A,14,16,6,4,,
20181741,1704255A,6,19,4,4,,
20181741,1704253A,18,4,16,4,,
20181741,1704248A,4,2,13,15,,
20181741,1704254B,4,4,5,10,,
20181741,1704252A,14,3,7,2,,
20181742,1704249A,15,4,5,18,,
20181742,1704251A,6,1,9,16,,
20181742,1704250A,9,11,11,6,,
20181742,1704255A,5,3,9,4,,
20181742,1704253A,3,13,3,7,,
20181742,1704248A,8,7,13,7,,
20181742,1704254B,11,5,12,5,,
20181742,1704252A,11,12,5,17,,
20181744,1704249A,10,13,5,14,,
20181744,1704251A,18,4,12,2,,
20181744,1704250A,8,12,12,6,,
20181744,1704255A,1,6,8,3,,
20181744,1704253A,2,13,7,14,,
20181744,1704248A,4,13,4,2,,
20181744,1704254B,6,3,17,2,,
20181744,1704252A,16,16,8,19,,
20181745,1704249A,3,7,5,9,,
20181745,1704251B,5,3,9,16,,
20181745,1704250B,2,5,3,14,,
20181745,1704255A,14,7,5,10,,
20181745,1704253A,13,5,16,13,,
20181745,1704248B,19,6,4,12,,
20181745,1704254A,15,1,4,13,,
20181745,1704252A,6,9,3,13,,
20181796,1704249A,12,18,16,1,,
20181796,1704251B,5,7,10,11,,
20181796,1704250B,16,2,9,1,,
20181796,1704255A,5,12,4,6,,
20181796,1704253A,4,5,6,6,,
20181796,1704248B,10,10,6,3,,
20181796,1704254A,6,18,5,9,,
20181796,1704252A,8,3,2,8,,
20200034,1704249A,5,4,4,2,,
20200034,1704251B,3,10,9,12,,
20200034,1704250B,4,5,4,7,,
20200034,1704255A,7,4,6,1,,
20200034,1704253A,10,4,7,14,,
20200034,1704248B,3,4,2,5,,
20200034,1704254A,10,1,9,2,,
20200034,1704252A,9,5,7,13,,
20200110,1704249A,8,5,2,13,,
20200110,1704251B,2,6,3,3,,
20200110,1704250B,9,10,15,9,,
20200110,1704255A,3,8,1,3,,
20200110,1704253A,5,4,2,11,,
20200110,1704248B,3,13,17,1,,
20200110,1704254A,1,6,1,5,,
20200110,1704252A,6,5,3,10,,
20200364,1704249A,8,8,2,4,,
20200364,1704251B,4,7,4,4,,
20200364,1704250B,3,5,3,2,,
20200364,1704255A,6,7,3,10,,
20200364,1704253A,2,6,6,3,,
20200364,1704248B,7,6,3,12,,
20200364,1704254A,7,4,3,5,,
20200364,1704252A,11,6,5,5,,
20200556,1704249A,4,4,6,3,,
20200556,1704251B,14,15,6,13,,
20200556,1704250B,8,7,18,6,,
20200556,1704255A,7,2,17,7,,
20200556,1704253A,7,16,5,1,,
20200556,1704248B,10,5,11,4,,
20200556,1704254A,2,4,16,15,,
20200556,1704252A,9,4,9,5,,
20200718,1704249A,5,12,4,8,,
20200718,1704251B,5,2,6,1,,
20200718,1704250B,4,8,7,19,,
20200718,1704255A,3,4,19,17,,
20200718,1704253A,15,13,6,2,,
20200718,1704248B,5,5,6,7,,
20200718,1704254A,1,1,5,3,,
20200718,1704252A,4,1,8,5,,
20200719,1704249A,8,10,2,5,,
20200719,1704251B,5,1,9,3,,
20200719,1704250B,15,18,8,1,,
20200719,1704255A,10,3,7,2,,
20200719,1704253A,5,9,12,14,,
20200719,1704248B,9,4,5,11,,
20200719,1704254A,15,6,3,17,,
20200719,1704252A,13,9,6,2,,
20200720,1704249A,8,8,4,4,,
20200720,1704251B,8,5,1,7,,
20200720,1704250B,18,4,2,9,,
20200720,1704255A,6,13,5,10,,
20200720,1704253A,3,7,6,8,,
20200720,1704248B,4,5,11,8,,
20200720,1704254A,4,6,7,1,,
20200720,1704252A,3,13,1,9,,
20200721,1704249A,7,17,8,14,,
20200721,1704251B,11,18,4,14,,
20200721,1704250B,2,3,9,6,,
20200721,1704255A,12,10,17,18,,
20200721,1704253A,2,9,9,15,,
20200721,1704248B,11,5,2,5,,
20200721,1704254A,7,6,6,5,,
20200721,1704252A,1,8,7,1,,
20200722,1704249A,11,1,16,9,,
20200722,1704251B,9,4,11,5,,
20200722,1704250B,6,8,4,4,,
20200722,1704255A,3,10,2,9,,
20200722,1704253A,1,12,12,9,,
20200722,1704248B,4,2,2,6,,
20200722,1704254A,1,3,18,19,,
20200722,1704252A,13,5,8,13,,
20200723,1704249A,1,6,16,11,,
20200723,1704251B,14,19,8,4,,
20200723,1704250B,6,4,3,3,,
20200723,1704255A,5,8,9,12,,
20200723,1704253A,15,8,14,3,,
20200723,1704248B,1,4,10,3,,
20200723,1704254A,4,4,8,19,,
20200723,1704252A,16,17,15,15,,
20200724,1704249A,14,7,18,3,,
20200724,1704251B,15,11,1,3,,
20200724,1704250B,9,7,6,4,,
20200724,1704255A,8,18,5,14,,
20200724,1704253A,8,10,4,5,,
20200724,1704248B,8,14,10,3,,
20200724,1704254A,6,3,7,4,,
20200724,1704252A,6,6,9,13,,
20200725,1704249A,3,14,3,6,,
20200725,1704251B,2,4,5,3,,
20200725,1704250B,2,14,2,6,,
20200725,1704255A,7,1,17,11,,
20200725,1704253A,8,12,8,5,,
20200725,1704248B,3,1,12,6,,
20200725,1704254A,5,12,12,4,,
20200725,1704252A,10,13,5,8,,
20200727,1704249A,3,12,10,5,,
20200727,1704251B,2,12,8,2,,
20200727,1704250B,13,8,2,5,,
20200727,1704255A,3,2,6,8,,
20200727,1704253A,6,4,9,8,,
20200727,1704248B,4,1,5,1,,
20200727,1704254A,3,4,13,8,,
20200727,1704252A,18,14,5,18,,
20200728,1704249A,11,8,1,15,,
20200728,1704251B,6,11,2,16,,
20200728,1704250B,6,17,16,2,,
20200728,1704255A,13,4,7,7,,
20200728,1704253A,1,6,5,12,,
20200728,1704248B,3,9,3,2,,
20200728,1704254A,2,8,2,3,,
20200728,1704252A,6,6,3,10,,
20200729,1704249A,10,3,3,15,,
20200729,1704251B,3,6,6,2,,
20200729,1704250B,4,4,8,12,,
20200729,1704255A,7,3,3,11,,
20200729,1704253A,3,3,6,10,,
20200729,1704248B,10,5,6,6,,
20200729,1704254A,6,2,16,4,,
20200729,1704252A,4,12,3,5,,
20200730,1704249A,3,5,17,8,,
20200730,1704251B,6,5,13,6,,
20200730,1704250B,8,14,14,7,,
20200730,1704255A,2,4,4,8,,
20200730,1704253A,6,18,7,7,,
20200730,1704248B,11,4,6,2,,
20200730,1704254A,2,8,8,5,,
20200730,1704252A,5,3,6,3,,
20200731,1704249A,1,10,7,3,,
20200731,1704251B,2,18,4,1,,
20200731,1704250B,7,7,17,5,,
20200731,1704255A,5,10,4,5,,
20200731,1704253A,3,1,19,3,,
20200731,1704248B,6,3,1,1,,
20200731,1704254A,11,10,10,1,,
20200731,1704252A,1,14,8,4,,
20200733,1704249A,1,7,5,10,,
20200733,1704251B,2,7,3,7,,
20200733,1704250B,17,2,2,8,,
20200733,1704255A,3,10,11,6,,
20200733,1704253A,3,1,16,14,,
20200733,1704248B,17,7,15,4,,
20200733,1704254A,13,1,7,1,,
20200733,1704252A,9,9,4,17,,
20200734,1704254A,4,9,3,6,,
20200735,1704254A,9,2,4,8,,
20200736,1704254A,5,2,2,2,,
20200738,1704254A,5,2,12,16,,
20202228,1704254A,7,7,8,8,,
20202229,1704254A,2,16,17,6,,
20202230,1704254A,10,18,10,4,,
20202231,1704254A,2,1,7,10,,
20202232,1704254A,2,6,2,9,,
20202233,1704254A,2,6,8,8,,
20202234,1704254A,12,4,8,5,,
20202236,1704254A,9,5,3,7,,
20202237,1704254A,2,3,4,8,,
20202238,1704254A,3,4,13,10,,
20202239,1704254A,6,10,9,8,,
20204524,1704254A,5,13,6,5,,
20204677,1704254A,6,3,4,9,,
20204679,1704254A,9,1,6,4,,
20204681,1704254A,19,17,3,6,,
20204682,1704254A,8,11,2,8,,
20160459,1703241A,9,3,5,6,,
20160459,1703237A,2,8,3,4,,
20160459,1703238A,13,11,5,13,,
20160459,1703239A,2,14,5,4,,
20160459,1703131A,12,2,8,6,,
20160459,1703236A,2,3,8,19,,
20160459,1703240A,8,3,17,11,,
20160753,1703241A,9,7,13,15,,
20160753,1703237A,10,5,4,9,,
20160753,1703238A,9,7,9,4,,
20160753,1703239A,5,7,3,10,,
20160753,1703131A,9,1,13,5,,
20160753,1703236A,9,2,2,8,,
20160753,1703240A,3,16,9,3,,
20160757,1703241A,2,3,12,2,,
20160757,1703237A,1,10,11,2,,
20160757,1703238A,9,7,9,6,,
20160757,1703239A,3,5,9,6,,
20160757,1703131A,1,4,7,8,,
20160757,1703236A,4,1,3,3,,
20160757,1703240A,5,3,1,3,,
20161791,1703241A,2,10,18,1,,
20161791,1703237A,15,18,17,4,,
20161791,1703238A,3,4,5,6,,
20161791,1703239A,1,5,8,6,,
20161791,1703131A,8,13,15,4,,
20161791,1703236A,2,8,10,7,,
20161791,1703240A,5,3,1,1,,
20162006,1703241A,7,5,13,2,,
20162006,1703237A,13,3,18,3,,
20162006,1703238A,5,15,1,2,,
20162006,1703239A,9,3,18,10,,
20162006,1703131A,6,10,5,11,,
20162006,1703236A,5,3,8,11,,
20162006,1703240A,4,12,11,6,,
20162007,1703241A,5,6,7,13,,
20162007,1703237A,6,10,1,3,,
20162007,1703238A,10,10,6,5,,
20162007,1703239A,17,6,18,2,,
20162007,1703131A,5,10,6,18,,
20162007,1703236A,4,12,3,15,,
20162007,1703240A,9,9,1,3,,
20162537,1703241A,8,12,2,2,,
20162537,1703237A,11,7,8,13,,
20162537,1703238A,16,7,4,2,,
20162537,1703239A,8,6,8,16,,
20162537,1703131A,3,5,4,5,,
20162537,1703236A,3,6,12,1,,
20162537,1703240A,6,6,9,6,,
20162924,1703241A,5,2,4,8,,
20162924,1703237A,3,11,12,6,,
20162924,1703238A,6,7,13,6,,
20162924,1703239A,9,2,8,5,,
20162924,1703131A,5,12,5,9,,
20162924,1703236A,15,3,17,8,,
20162924,1703240A,10,6,9,4,,
20153701,1703241A,13,5,5,4,,
20153701,1703237A,18,9,17,6,,
20153701,1703238A,2,3,17,1,,
20153701,1703239A,17,6,12,13,,
20153701,1703131A,7,6,11,3,,
20153701,1703236A,5,5,19,6,,
20153701,1703240A,5,6,12,17,,
20153703,1703241A,9,1,2,13,,
20153703,1703237A,6,14,6,8,,
20153703,1703238A,4,5,7,5,,
20153703,1703239A,6,4,4,5,,
20153703,1703131A,7,6,11,5,,
20153703,1703236A,5,9,11,19,,
20153703,1703240A,2,3,15,4,,
20153707,1703241A,4,6,6,18,,
20153707,1703237A,12,4,6,10,,
20153707,1703238A,5,5,2,12,,
20153707,1703239A,15,4,4,5,,
20153707,1703131A,2,2,1,3,,
20153707,1703236A,13,13,4,3,,
20153707,1703240A,4,4,8,7,,
20210194,1703241A,2,9,10,14,,
20210194,1703237A,9,8,3,8,,
20210194,1703238A,10,4,6,19,,
20210194,1703239A,1,17,9,7,,
20210194,1703131A,7,2,10,14,,
20210194,1703236A,2,2,5,3,,
20210194,1703240A,5,10,5,2,,
20210671,1703241A,8,18,1,9,,
20210671,1703237A,11,1,1,8,,
20210671,1703238A,6,6,8,3,,
20210671,1703239A,10,4,6,7,,
20210671,1703131A,3,15,1,3,,
20210671,1703236A,4,16,4,7,,
20210671,1703240A,4,1,7,5,,
20210672,1703241A,7,10,7,9,,
20210672,1703237A,9,8,10,16,,
20210672,1703238A,14,2,11,8,,
20210672,1703239A,10,4,11,5,,
20210672,1703131A,16,5,5,4,,
20210672,1703236A,18,5,4,5,,
20210672,1703240A,1,15,6,9,,
20210673,1703241A,6,8,3,3,,
20210673,1703237A,10,7,4,9,,
20210673,1703238A,16,8,11,6,,
20210673,1703239A,10,4,6,16,,
20210673,1703131A,3,5,9,7,,
20210673,1703236A,17,10,13,16,,
20210673,1703240A,13,3,6,15,,
20210675,1703241A,8,12,8,7,,
20210675,1703237A,4,14,20,5,,
20210675,1703238A,7,5,2,3,,
20210675,1703239A,4,10,9,16,,
20210675,1703131A,8,18,3,9,,
20210675,1703236A,10,15,7,5,,
20210675,1703240A,5,3,11,1,,
20210676,1703241A,7,12,6,8,,
20210676,1703237A,9,6,8,2,,
20210676,1703238A,5,5,1,5,,
20210676,1703239A,4,10,15,5,,
20210676,1703131A,18,4,8,15,,
20210676,1703236A,16,8,9,9,,
20210676,1703240A,2,1,5,2,,
20210678,1703241A,5,7,4,9,,
20210678,1703237A,3,4,12,6,,
20210678,1703238A,9,7,12,5,,
20210678,1703239A,15,15,16,12,,
20210678,1703131A,11,15,6,8,,
20210678,1703236A,14,3,7,7,,
20210678,1703240A,3,5,16,6,,
20210683,1703241A,7,7,4,3,,
20210683,1703237A,4,7,16,6,,
20210683,1703238A,13,16,1,3,,
20210683,1703239A,3,16,2,8,,
20210683,1703131A,3,9,13,3,,
20210683,1703236A,9,8,2,4,,
20210683,1703240A,12,4,6,4,,
20210685,1703241A,3,12,6,5,,
20210685,1703237A,10,7,7,4,,
20210685,1703238A,3,13,1,5,,
20210685,1703239A,5,14,5,7,,
20210685,1703131A,7,3,15,18,,
20210685,1703236A,4,8,11,2,,
20210685,1703240A,18,8,18,9,,
20210686,1703241B,9,9,8,6,,
20210686,1703237A,4,16,6,4,,
20210686,1703239B,6,2,7,3,,
20210686,1703236A,1,6,3,4,,
20210686,1703240A,17,4,4,14,,
20210687,1703241B,8,2,6,7,,
20210687,1703237A,6,19,3,17,,
20210687,1703239B,8,1,17,5,,
20210687,1703236A,16,12,4,5,,
20210687,1703240A,14,4,1,4,,
20210688,1703241B,11,3,5,7,,
20210688,1703237A,18,3,4,5,,
20210688,1703239B,7,4,10,8,,
20210688,1703236A,6,2,1,2,,
20210688,1703240A,19,7,16,15,,
20210689,1703241B,14,16,2,6,,
20210689,1703237A,5,8,2,7,,
20210689,1703239B,2,4,9,1,,
20210689,1703236A,7,4,4,4,,
20210689,1703240A,1,1,19,19,,
20210690,1703241B,5,1,9,10,,
20210690,1703237A,4,9,9,10,,
20210690,1703239B,1,16,3,5,,
20210690,1703236A,5,14,14,6,,
20210690,1703240A,2,3,14,11,,
20210691,1703241B,3,9,3,10,,
20210691,1703237A,1,13,2,2,,
20210691,1703239B,1,1,15,6,,
20210691,1703236A,14,4,6,9,,
20210691,1703240A,3,6,4,5,,
20210693,1703241B,5,2,9,10,,
20210693,1703237A,4,2,13,7,,
20210693,1703239B,17,17,1,13,,
20210693,1703236A,3,7,16,2,,
20210693,1703240A,5,7,7,9,,
20210694,1703241B,9,5,3,12,,
20210694,1703237A,3,1,6,5,,
20210694,1703239B,3,4,5,2,,
20210694,1703236A,15,6,16,8,,
20210694,1703240A,6,1,1,18,,
20210695,1703241B,2,3,3,2,,
20210695,1703237A,14,4,5,5,,
20210695,1703239B,6,9,3,8,,
20210695,1703236A,4,2,12,4,,
20210695,1703240A,9,16,1,6,,
20210696,1703241B,9,7,4,8,,
20210696,1703237A,10,6,16,13,,
20210696,1703239B,4,4,17,9,,
20210696,1703236A,2,7,3,13,,
20210696,1703240A,12,3,3,12,,
20211819,1703241B,3,11,6,4,,
20211819,1703237A,7,14,6,3,,
20211819,1703239B,3,4,4,1,,
20211819,1703236A,8,9,17,7,,
20211819,1703240A,12,10,6,12,,
20211820,1703241B,3,12,3,3,,
20211820,1703237A,17,10,8,16,,
20211820,1703239B,3,1,11,11,,
20211820,1703236A,8,4,5,3,,
20211820,1703240A,4,18,14,5,,
20211821,1703241B,14,3,5,2,,
20211821,1703237A,8,8,13,16,,
20211821,1703239B,17,4,4,4,,
20211821,1703236A,1,6,4,4,,
20211821,1703240A,7,8,5,3,,
20211822,1703241B,4,5,11,7,,
20211822,1703237A,5,6,4,3,,
20211822,1703239B,9,10,2,3,,
20211822,1703236A,6,7,7,5,,
20211822,1703240A,11,2,16,6,,
20212157,1703241B,13,16,1,6,,
20212157,1703237A,5,3,2,5,,
20212157,1703239B,3,4,4,4,,
20212157,1703236A,8,10,19,6,,
20212157,1703240A,4,4,9,4,,
20212159,1703241B,5,14,1,5,,
20212159,1703237A,16,5,8,9,,
20212159,1703239B,15,13,1,11,,
20212159,1703236A,4,13,10,7,,
20212159,1703240A,1,4,20,3,,
20212160,1703241B,15,1,8,9,,
20212160,1703237A,7,5,14,7,,
20212160,1703239B,12,5,9,9,,
20212160,1703236A,6,9,7,4,,
20212160,1703240A,2,18,9,6,,
20212161,1703241B,7,11,2,5,,
20212161,1703237A,3,5,8,14,,
20212161,1703239B,13,14,1,17,,
20212161,1703236A,12,10,4,5,,
20212161,1703240A,9,13,7,3,,
20212162,1703241B,11,11,13,5,,
20212162,1703237A,3,7,5,4,,
20212162,1703239B,5,3,17,15,,
20212162,1703236A,19,4,2,5,,
20212162,1703240A,7,3,12,16,,
20212163,1703241B,10,4,2,5,,
20212163,1703237A,1,1,4,3,,
20212163,1703239B,5,13,6,2,,
20212163,1703236A,15,5,3,9,,
20212163,1703240A,6,6,6,4,,
20212164,1703241B,7,7,15,8,,
20212164,1703237B,8,4,9,2,,
20212164,1703239B,12,13,10,16,,
20212741,1703241B,4,15,4,19,,
20212741,1703237B,16,10,16,3,,
20212741,1703239B,12,7,4,4,,
20213120,1703241B,4,2,12,9,,
20213120,1703237B,4,9,2,5,,
20213120,1703239B,6,3,4,8,,
20213121,1703241B,12,6,6,11,,
20213121,1703237B,15,4,3,14,,
20213121,1703239B,10,2,11,10,,
20213122,1703241B,6,7,7,17,,
20213122,1703237B,10,2,15,3,,
20213122,1703239B,3,5,8,10,,
20213123,1703241B,11,6,4,17,,
20213123,1703237B,3,14,10,10,,
20213123,1703239B,7,5,15,3,,
20213124,1703241B,2,5,11,3,,
20213124,1703237B,9,17,7,6,,
20213124,1703239B,8,3,4,9,,
20213125,1703241B,1,13,3,6,,
20213125,1703237B,3,14,8,14,,
20213125,1703239B,15,6,8,3,,
20213126,1703241B,10,8,10,4,,
20213126,1703237B,9,8,3,1,,
20213126,1703239B,8,6,8,7,,
20213127,1703241B,10,11,3,6,,
20213127,1703237B,12,11,6,8,,
20213127,1703239B,7,6,7,12,,
20213128,1703241B,6,4,11,13,,
20213128,1703237B,8,2,8,6,,
20213128,1703239B,1,2,1,10,,
20213129,1703241B,19,4,8,8,,
20213129,1703237B,10,3,1,3,,
20213129,1703239B,9,12,5,16,,
20213130,1703241B,6,5,18,7,,
20213130,1703237B,9,2,3,17,,
20213130,1703239B,4,8,9,7,,
20213132,1703241B,10,12,14,2,,
20213132,1703237B,16,18,5,4,,
20213132,1703239B,3,2,2,10,,
20213134,1703241B,15,8,6,8,,
20213134,1703237B,1,13,2,6,,
20213134,1703239B,15,17,3,3,,
20213135,1703241B,10,6,6,1,,
20213135,1703237B,7,6,6,7,,
20213135,1703239B,5,7,7,8,,
20213136,1703241B,11,7,7,1,,
20213136,1703237B,4,7,10,8,,
20213136,1703239B,2,10,2,18,,
20213137,1703241B,15,10,7,5,,
20213137,1703237B,9,6,4,2,,
20213137,1703239B,7,3,4,2,,
20213138,1703241B,6,9,14,5,,
20213138,1703237B,4,6,6,1,,
20213138,1703239B,5,10,20,3,,
20213139,1703241B,10,15,3,9,,
20213139,1703237B,15,5,8,8,,
20213139,1703239B,17,5,2,1,,
20213140,1703237B,2,10,11,1,,
20213141,1703237B,3,15,7,4,,
20213142,1703237B,11,10,10,6,,
20213143,1703237B,3,2,2,4,,
20213144,1703237B,5,5,16,2,,
20213145,1703237B,8,13,7,11,,
20213147,1703237B,4,12,3,10,,
20213148,1703237B,5,7,14,9,,
20214284,1703237B,2,3,6,4,,
20220161,1702227A,10,4,18,17,,
20220161,1702224A,1,9,1,2,,
20220161,1702228A,7,6,5,7,,
20220161,1702225B,7,4,18,10,,
20220161,1702226A,16,8,8,9,,
20220161,1702229A,3,8,2,10,,
20220712,1702227A,10,18,1,10,,
20220712,1702224A,16,10,1,10,,
20220712,1702228A,18,8,5,12,,
20220712,1702225B,10,9,13,9,,
20220712,1702226A,19,14,11,19,,
20220712,1702229A,9,5,7,13,,
20220713,1702227A,2,10,4,10,,
20220713,1702224A,8,5,13,1,,
20220713,1702228A,12,5,1,6,,
20220713,1702225B,1,6,7,9,,
20220713,1702226A,8,8,4,12,,
20220713,1702229A,4,8,16,7,,
20220714,1702227A,3,12,2,8,,
20220714,1702224A,6,7,6,5,,
20220714,1702228A,7,9,7,5,,
20220714,1702225B,11,14,3,20,,
20220714,1702226A,7,17,2,6,,
20220714,1702229A,2,3,12,6,,
20220715,1702227A,7,13,7,4,,
20220715,1702224A,5,10,2,13,,
20220715,1702228A,2,4,12,15,,
20220715,1702225B,4,5,5,6,,
20220715,1702226A,4,1,4,1,,
20220715,1702229A,11,8,7,1,,
20220716,1702227A,6,3,2,8,,
20220716,1702224A,5,6,5,4,,
20220716,1702228A,11,3,3,2,,
20220716,1702225B,4,4,7,17,,
20220716,1702226A,12,4,2,5,,
20220716,1702229A,5,7,7,6,,
20220717,1702227A,11,8,6,4,,
20220717,1702224A,3,7,1,1,,
20220717,1702228A,11,14,5,13,,
20220717,1702225B,5,9,9,6,,
20220717,1702226A,4,5,1,18,,
20220717,1702229A,6,1,4,19,,
20220718,1702227A,14,9,10,14,,
20220718,1702224A,8,9,8,8,,
20220718,1702228A,9,3,15,7,,
20220718,1702225B,1,15,11,10,,
20220718,1702226A,11,4,3,10,,
20220718,1702229A,2,10,4,4,,
20220719,1702227A,8,4,3,3,,
20220719,1702224A,6,5,6,4,,
20220719,1702228A,6,3,7,9,,
20220719,1702225B,2,6,9,10,,
20220719,1702226A,4,1,4,9,,
20220719,1702229A,11,8,9,4,,
20220720,1702227A,19,2,7,6,,
20220720,1702224A,4,15,1,7,,
20220720,1702228A,8,5,11,7,,
20220720,1702225B,3,4,10,4,,
20220720,1702226A,8,11,14,1,,
20220720,1702229A,2,2,4,12,,
20220721,1702227A,4,15,14,5,,
20220721,1702224A,5,6,12,5,,
20220721,1702228A,17,7,6,11,,
20220721,1702225B,15,9,17,9,,
20220721,1702226A,6,16,6,8,,
20220721,1702229A,4,11,3,2,,
20220723,1702227A,14,6,3,7,,
20220723,1702224A,5,4,11,13,,
20220723,1702228A,6,2,10,5,,
20220723,1702225B,8,7,4,2,,
20220723,1702226A,11,3,2,9,,
20220723,1702229A,5,6,4,3,,
20220724,1702227A,4,4,11,4,,
20220724,1702224A,2,3,6,3,,
20220724,1702228A,8,9,3,5,,
20220724,1702225B,6,14,6,6,,
20220724,1702226A,13,14,2,5,,
20220724,1702229A,8,13,12,6,,
20220725,1702227A,1,8,8,2,,
20220725,1702224A,3,18,16,4,,
20220725,1702228A,9,11,3,6,,
20220725,1702225B,8,10,2,4,,
20220725,1702226A,4,16,3,8,,
20220725,1702229A,7,5,1,17,,
20220726,1702227A,1,8,10,7,,
20220726,1702224A,2,7,18,6,,
20220726,1702228A,4,5,8,6,,
20220726,1702225B,19,2,18,10,,
20220726,1702226A,14,5,9,15,,
20220726,1702229A,10,4,17,3,,
20220727,1702227A,1,1,9,10,,
20220727,1702224A,6,3,10,7,,
20220727,1702228A,2,4,9,7,,
20220727,1702225B,4,2,4,2,,
20220727,1702226A,1,5,1,14,,
20220727,1702229A,2,4,7,1,,
20220728,1702227A,7,8,4,4,,
20220728,1702224A,19,12,13,7,,
20220728,1702228A,6,5,18,11,,
20220728,1702225B,2,10,17,4,,
20220728,1702226A,6,1,11,5,,
20220728,1702229A,3,6,1,5,,
20220729,1702227A,7,2,3,16,,
20220729,1702224A,6,15,1,5,,
20220729,1702228A,3,15,7,2,,
20220729,1702225B,4,15,3,9,,
20220729,1702226A,15,8,1,16,,
20220729,1702229A,3,2,6,8,,
20220730,1702227A,19,9,12,19,,
20220730,1702224A,2,5,3,2,,
20220730,1702228A,10,2,17,11,,
20220730,1702225B,17,5,4,4,,
20220730,1702226A,11,1,7,2,,
20220730,1702229A,2,9,8,5,,
20220731,1702227A,6,13,13,8,,
20220731,1702224A,5,10,8,4,,
20220731,1702228A,8,3,15,2,,
20220731,1702225B,3,5,5,3,,
20220731,1702226A,7,4,3,18,,
20220731,1702229A,3,11,9,10,,
20220732,1702227B,16,17,5,7,,
20220732,1702224A,2,2,11,9,,
20220732,1702228A,6,3,7,3,,
20220732,1702225A,1,2,4,4,,
20220732,1702226B,12,16,7,2,,
20220732,1702229A,7,4,5,10,,
20220733,1702227B,5,1,12,3,,
20220733,1702224A,2,4,11,8,,
20220733,1702228A,4,1,9,16,,
20220733,1702225A,9,18,18,19,,
20220733,1702226B,7,6,5,2,,
20220733,1702229A,4,8,10,3,,
20220734,1702227B,9,15,3,3,,
20220734,1702224A,2,3,16,7,,
20220734,1702228A,14,16,8,11,,
20220734,1702225A,4,2,17,5,,
20220734,1702226B,13,9,10,6,,
20220734,1702229A,6,6,2,11,,
20220736,1702227B,2,4,13,5,,
20220736,1702224A,3,3,4,17,,
20220736,1702228A,3,2,4,12,,
20220736,1702225A,12,6,2,17,,
20220736,1702226B,5,13,3,6,,
20220736,1702229A,5,8,8,6,,
20221737,1702227B,6,11,7,11,,
20221737,1702224A,3,18,16,15,,
20221737,1702228A,4,2,4,7,,
20221737,1702225A,2,9,5,4,,
20221737,1702226B,7,17,5,3,,
20221737,1702229A,10,5,7,7,,
20222141,1702227B,15,9,17,2,,
20222141,1702224A,2,1,15,4,,
20222141,1702228A,16,4,7,8,,
20222141,1702225A,1,3,15,13,,
20222141,1702226B,3,3,3,12,,
20222141,1702229A,3,5,3,5,,
20222142,1702227B,15,18,9,11,,
20222142,1702224A,8,9,4,14,,
20222142,1702228A,5,3,13,4,,
20222142,1702225A,11,3,7,6,,
20222142,1702226B,15,1,2,7,,
20222142,1702229A,17,1,7,6,,
20222143,1702227B,11,16,11,3,,
20222143,1702224A,15,7,4,10,,
20222143,1702228A,3,18,3,9,,
20222143,1702225A,5,15,11,10,,
20222143,1702226B,2,5,3,12,,
20222143,1702229A,3,10,3,5,,
20222144,1702227B,6,2,6,2,,
20222144,1702224A,3,9,10,6,,
20222144,1702228A,5,17,8,7,,
20222144,1702225A,17,6,10,9,,
20222144,1702226B,5,4,6,17,,
20222144,1702229A,2,12,15,8,,
20222145,1702227B,5,8,3,2,,
20222145,1702224A,18,20,2,10,,
20222145,1702228A,14,6,19,2,,
20222145,1702225A,15,1,9,11,,
20222145,1702226B,1,3,5,4,,
20222145,1702229A,13,16,10,2,,
20222146,1702227B,9,4,2,3,,
20222146,1702224A,7,14,11,1,,
20222146,1702228A,7,1,8,15,,
20222146,1702225A,3,11,6,3,,
20222146,1702226B,9,8,4,2,,
20222146,1702229A,3,13,4,3,,
20222147,1702227B,19,5,9,11,,
20222147,1702224A,4,3,4,15,,
20222147,1702228A,4,5,17,2,,
20222147,1702225A,5,5,4,19,,
20222147,1702226B,6,5,2,13,,
20222147,1702229A,5,17,7,5,,
20222148,1702227B,18,2,17,9,,
20222148,1702224A,15,15,3,5,,
20222148,1702228A,7,2,3,14,,
20222148,1702225A,10,11,8,14,,
20222148,1702226B,6,5,11,4,,
20222148,1702229A,5,13,4,7,,
20222149,1702227B,13,16,5,2,,
20222149,1702224A,3,5,10,10,,
20222149,1702228A,9,4,5,17,,
20222149,1702225A,2,6,8,6,,
20222149,1702226B,4,4,10,11,,
20222149,1702229A,2,2,5,15,,
20222150,1702227B,5,4,2,3,,
20222150,1702224A,8,7,12,2,,
20222150,1702228A,4,5,6,5,,
20222150,1702225A,5,3,3,3,,
20222150,1702226B,8,5,5,7,,
20222150,1702229A,6,15,2,5,,
20222151,1702227B,17,3,18,11,,
20222151,1702224A,4,5,11,8,,
20222151,1702228A,13,3,8,16,,
20222151,1702225A,2,3,7,6,,
20222151,1702226B,3,2,17,4,,
20222151,1702229A,4,4,2,4,,
20222152,1702227B,6,5,6,3,,
20222152,1702224A,1,8,6,7,,
20222152,1702228A,9,8,7,5,,
20222152,1702225A,3,3,6,16,,
20222152,1702226B,6,2,4,5,,
20222152,1702229A,12,2,4,3,,
20222153,1702227B,11,7,4,3,,
20222153,1702224A,2,2,7,7,,
20222153,1702228A,8,6,9,12,,
20222153,1702225A,2,4,6,9,,
20222153,1702226B,6,4,19,1,,
20222153,1702229A,5,10,3,9,,
20222154,1702227B,12,9,4,12,,
20222154,1702224A,8,11,3,16,,
20222154,1702228A,15,8,19,5,,
20222154,1702225A,6,1,4,4,,
20222154,1702226B,3,15,8,7,,
20222154,1702229A,8,15,7,5,,
20222155,1702227B,6,19,4,14,,
20222155,1702224A,5,5,2,2,,
20222155,1702228A,15,3,7,2,,
20222155,1702225A,6,15,10,13,,
20222155,1702226B,3,13,17,12,,
20222155,1702229A,11,18,16,3,,
20222178,1702224B,2,6,6,10,,
20222178,1702228B,12,13,10,3,,
20222178,1702225C,7,11,17,2,,
20222178,1702226C,8,10,4,7,,
20222178,1702229B,5,9,3,6,,
20222179,1702224B,6,2,12,17,,
20222179,1702228B,18,6,9,2,,
20222179,1702225C,10,2,6,17,,
20222179,1702226C,16,5,13,6,,
20222179,1702229B,8,3,10,7,,
20223082,1702224B,16,9,7,6,,
20223082,1702228B,4,2,3,2,,
20223082,1702225C,2,14,11,5,,
20223082,1702226C,14,3,6,5,,
20223082,1702229B,4,5,3,10,,
20223083,1702224B,7,9,7,3,,
20223083,1702228B,2,2,10,2,,
20223083,1702225C,9,1,7,4,,
20223083,1702226C,4,2,16,9,,
20223083,1702229B,14,2,14,11,,
20223084,1702224B,2,2,1,3,,
20223084,1702228B,3,14,7,12,,
20223084,1702225C,5,12,6,5,,
20223084,1702226C,18,7,12,3,,
20223084,1702229B,3,16,8,2,,
20223085,1702224B,1,2,5,9,,
20223085,1702228B,3,1,6,4,,
20223085,1702225C,1,5,4,8,,
20223085,1702226C,6,2,5,7,,
20223085,1702229B,5,5,4,16,,
20223086,1702224B,8,11,6,6,,
20223086,1702228B,17,12,2,4,,
20223086,1702225C,1,2,2,10,,
20223086,1702226C,4,2,3,11,,
20223086,1702229B,6,2,7,12,,
20223087,1702224B,3,8,8,7,,
20223087,1702228B,4,14,7,8,,
20223087,1702225C,3,11,8,15,,
20223087,1702226C,6,8,3,7,,
20223087,1702229B,4,7,13,5,,
20223088,1702224B,9,5,8,16,,
20223088,1702228B,16,12,4,9,,
20223088,1702225C,11,5,4,2,,
20223088,1702226C,12,14,10,14,,
20223088,1702229B,3,7,13,8,,
20223089,1702224B,19,6,14,12,,
20223089,1702228B,5,3,2,4,,
20223089,1702225C,10,9,3,7,,
20223089,1702226C,8,8,1,1,,
20223089,1702229B,4,8,7,5,,
20223090,1702224B,13,3,8,14,,
20223090,1702228B,8,3,9,5,,
20223090,1702225C,6,4,4,2,,
20223090,1702226C,19,3,3,7,,
20223090,1702229B,14,6,8,6,,
20223093,1702224B,1,5,13,8,,
20223093,1702228B,7,13,10,9,,
20223093,1702225C,16,10,15,5,,
20223093,1702226C,15,13,8,5,,
20223093,1702229B,6,3,4,10,,
20223114,1702224B,6,12,7,4,,
20223114,1702228B,3,17,16,8,,
20223114,1702225C,6,5,2,8,,
20223114,1702226C,18,8,5,3,,
20223114,1702229B,8,4,15,1,,
20224270,1702224B,12,4,14,8,,
20224270,1702228B,12,5,5,10,,
20224270,1702225C,1,5,11,16,,
20224270,1702226C,7,18,6,15,,
20224270,1702229B,2,13,5,5,,
20224271,1702224B,14,10,14,6,,
20224271,1702228B,5,3,17,4,,
20224271,1702225C,3,5,8,15,,
20224271,1702226C,7,2,17,3,,
20224271,1702229B,6,8,15,6,,
20224272,1702224B,19,7,8,2,,
20224272,1702228B,12,5,7,7,,
20224272,1702225C,1,13,13,12,,
20224272,1702226C,2,9,14,1,,
20224272,1702229B,11,6,4,5,,
20224273,1702224B,5,15,6,1,,
20224273,1702228B,6,6,8,11,,
20224273,1702225C,4,6,3,12,,
20224273,1702226C,18,4,3,7,,
20224273,1702229B,5,3,4,9,,
20224274,1702224B,3,2,3,3,,
20224274,1702228B,11,8,12,7,,
20224274,1702225C,9,3,4,11,,
20224274,1702226C,7,2,14,2,,
20224274,1702229B,8,1,6,17,,
20224275,1702224B,5,8,6,8,,
20224275,1702228B,2,7,8,18,,
20224275,1702225C,10,11,6,1,,
20224275,1702226C,4,15,12,2,,
20224275,1702229B,10,3,3,6,,
20224276,1702224B,9,4,2,10,,
20224276,1702228B,18,7,3,12,,
20224276,1702225C,7,7,5,5,,
20224276,1702226C,8,1,3,4,,
20224276,1702229B,1,4,9,4,,
20224277,1702228B,2,4,15,16,,
20224277,1702229B,17,14,5,3,,
20170516,1702228B,5,11,8,15,,
20170516,1702229B,3,1,5,1,,
20170730,1702228B,7,8,5,10,,
20170730,1702229B,14,13,19,2,,
20170734,1702228B,14,12,17,9,,
20170734,1702229B,8,16,6,14,,
20170741,1702228B,7,17,2,14,,
20170741,1702229B,3,12,3,9,,
20171796,1702228B,9,12,9,8,,
20171796,1702229B,10,5,3,14,,
20172210,1702228B,5,8,4,5,,
20172210,1702229B,4,3,9,5,,
20172220,1702228B,8,2,1,8,,
20172220,1702229B,14,1,11,3,,
20024030,2501209A,3,12,4,13,,
20024030,2501210A,4,3,4,11,,
20024030,2501207A,11,10,6,3,,
20024030,2501212B,10,7,11,1,,
20024030,2501208B,7,1,5,19,,
20024030,2501211A,3,4,5,12,,
20042684,2501209A,10,2,7,7,,
20042684,2501210A,2,6,2,17,,
20042684,2501207A,6,5,9,3,,
20042684,2501212B,10,17,10,6,,
20042684,2501208B,2,5,4,1,,
20042684,2501211A,7,11,14,8,,
20052826,2501209A,4,3,6,4,,
20052826,2501210A,4,15,4,16,,
20052826,2501207A,17,1,2,14,,
20052826,2501212B,1,3,10,7,,
20052826,2501208B,11,2,10,16,,
20052826,2501211A,1,3,3,17,,
20082766,2501209A,4,2,9,3,,
20082766,2501210A,7,1,3,5,,
20082766,2501207A,6,18,8,2,,
20082766,2501212B,1,5,11,4,,
20082766,2501208B,4,8,8,2,,
20082766,2501211A,17,3,6,5,,
20230570,2501209A,5,3,2,10,,
20230570,2501210A,7,1,6,6,,
20230570,2501207A,4,3,11,4,,
20230570,2501212B,5,3,8,4,,
20230570,2501208B,3,5,7,5,,
20230570,2501211A,2,9,6,8,,
20230571,2501209A,8,13,2,5,,
20230571,2501210A,17,13,8,2,,
20230571,2501207A,3,5,13,2,,
20230571,2501212B,12,17,12,7,,
20230571,2501208B,19,16,4,14,,
20230571,2501211A,6,2,9,6,,
20230573,2501209A,17,8,5,4,,
20230573,2501210A,15,19,11,2,,
20230573,2501207A,13,3,8,18,,
20230573,2501212B,5,10,5,1,,
20230573,2501208B,5,4,11,4,,
20230573,2501211A,14,3,7,6,,
20230575,2501209A,10,3,16,7,,
20230575,2501210A,6,8,6,5,,
20230575,2501207A,11,5,14,5,,
20230575,2501212B,17,4,6,8,,
20230575,2501208B,3,9,6,6,,
20230575,2501211A,4,5,10,2,,
20230576,2501209A,9,11,2,2,,
20230576,2501210A,2,4,6,5,,
20230576,2501207A,18,2,9,2,,
20230576,2501212B,10,10,3,11,,
20230576,2501208B,17,20,3,16,,
20230576,2501211A,9,12,5,8,,
20230577,2501209A,1,8,3,8,,
20230577,2501210A,12,11,5,10,,
20230577,2501207A,6,7,3,4,,
20230577,2501212B,5,5,3,7,,
20230577,2501208B,1,5,1,9,,
20230577,2501211A,1,5,9,3,,
20230578,2501209A,14,7,6,2,,
20230578,2501210A,8,3,16,6,,
20230578,2501207A,4,4,6,8,,
20230578,2501212B,13,13,3,4,,
20230578,2501208B,6,6,8,11,,
20230578,2501211A,5,4,2,7,,
20230579,2501209A,11,6,3,5,,
20230579,2501210A,11,10,4,3,,
20230579,2501207A,6,8,3,2,,
20230579,2501212B,9,4,14,18,,
20230579,2501208B,3,6,3,16,,
20230579,2501211A,9,7,2,15,,
20230580,2501209A,8,10,9,7,,
20230580,2501210A,17,8,6,2,,
20230580,2501207A,7,9,2,4,,
20230580,2501212B,4,2,6,10,,
20230580,2501208B,6,7,8,6,,
20230580,2501211A,17,5,8,10,,
20230581,2501209A,4,7,5,7,,
20230581,2501210A,11,9,19,3,,
20230581,2501207A,5,3,15,18,,
20230581,2501212B,2,3,2,3,,
20230581,2501208B,8,17,6,1,,
20230581,2501211A,1,7,11,17,,
20230582,2501209A,3,5,14,4,,
20230582,2501210A,3,3,1,5,,
20230582,2501207A,5,4,11,3,,
20230582,2501212B,3,5,5,5,,
20230582,2501208B,15,2,2,5,,
20230582,2501211A,5,3,16,7,,
20230583,2501209A,12,17,11,5,,
20230583,2501210A,16,5,16,6,,
20230583,2501207A,5,6,15,7,,
20230583,2501212B,5,5,11,3,,
20230583,2501208B,6,17,11,8,,
20230583,2501211A,6,12,8,3,,
20230584,2501209A,3,5,11,11,,
20230584,2501210A,5,9,6,3,,
20230584,2501207A,5,1,11,6,,
20230584,2501212B,11,6,6,4,,
20230584,2501208B,8,10,6,6,,
20230584,2501211A,10,11,7,2,,
20230585,2501209A,10,6,11,11,,
20230585,2501210A,5,9,5,1,,
20230585,2501207A,7,2,10,1,,
20230585,2501212B,10,17,8,3,,
20230585,2501208B,13,6,6,2,,
20230585,2501211A,14,8,9,3,,
20231533,2501209A,10,4,12,1,,
20231533,2501210A,4,4,5,4,,
20231533,2501207A,6,8,6,18,,
20231533,2501212B,4,13,16,8,,
20231533,2501208B,5,18,5,14,,
20231533,2501211A,5,3,11,16,,
20231534,2501209A,10,7,7,7,,
20231534,2501210A,4,7,8,5,,
20231534,2501207A,2,17,8,6,,
20231534,2501212B,14,4,3,5,,
20231534,2501208B,9,16,3,6,,
20231534,2501211A,4,6,8,5,,
20231535,2501209A,16,11,8,12,,
20231535,2501210A,15,18,5,1,,
20231535,2501207A,12,2,9,5,,
20231535,2501212B,18,4,2,3,,
20231535,2501208C,10,8,4,5,,
20231535,2501211A,16,4,1,6,,
20231536,2501209A,1,6,6,4,,
20231536,2501210A,7,9,9,9,,
20231536,2501207A,15,4,12,9,,
20231536,2501212B,16,4,17,7,,
20231536,2501208C,7,4,2,7,,
20231536,2501211A,5,4,3,1,,
20231537,2501209A,7,15,9,6,,
20231537,2501210A,6,5,5,7,,
20231537,2501207A,15,3,8,3,,
20231537,2501212B,8,4,1,3,,
20231537,2501208C,7,5,12,4,,
20231537,2501211A,1,8,6,12,,
20231538,2501209A,16,4,5,5,,
20231538,2501210A,18,8,8,4,,
20231538,2501207A,1,11,15,6,,
20231538,2501212B,3,5,9,4,,
20231538,2501208C,16,2,9,3,,
20231538,2501211A,13,7,5,6,,
20231539,2501209A,6,10,6,6,,
20231539,2501210A,10,17,2,6,,
20231539,2501207A,10,5,4,3,,
20231539,2501212B,2,8,5,3,,
20231539,2501208C,12,6,12,5,,
20231539,2501211A,4,4,10,4,,
20231540,2501209A,7,2,15,6,,
20231540,2501210A,3,6,11,3,,
20231540,2501207A,4,11,18,3,,
20231540,2501212B,1,3,9,3,,
20231540,2501208C,3,7,9,3,,
20231540,2501211A,16,11,5,4,,
20232274,2501209A,6,17,8,11,,
20232274,2501210A,16,3,3,6,,
20232274,2501207A,6,12,9,17,,
20232274,2501212B,5,9,5,4,,
20232274,2501208C,4,6,13,3,,
20232274,2501211A,12,2,6,11,,
20232275,2501209A,16,4,14,7,,
20232275,2501210A,7,5,17,7,,
20232275,2501207A,2,9,19,4,,
20232275,2501212B,8,13,3,1,,
20232275,2501208C,8,7,5,3,,
20232275,2501211A,4,5,7,4,,
20232276,2501209A,14,8,5,9,,
20232276,2501210A,5,2,10,17,,
20232276,2501207A,7,5,6,7,,
20232276,2501212B,2,10,6,17,,
20232276,2501208C,3,5,1,14,,
20232276,2501211A,1,1,17,3,,
20232277,2501209A,10,4,7,7,,
20232277,2501210A,9,1,8,11,,
20232277,2501207A,2,17,3,6,,
20232277,2501212B,2,17,13,4,,
20232277,2501208C,6,1,5,17,,
20232277,2501211A,7,2,3,2,,
20232278,2501209A,5,18,6,5,,
20232278,2501210A,5,14,1,8,,
20232278,2501207A,2,18,3,10,,
20232278,2501212B,2,2,3,17,,
20232278,2501208C,6,5,10,4,,
20232278,2501211A,1,17,12,11,,
20232279,2501209A,3,5,1,14,,
20232279,2501210A,5,4,4,4,,
20232279,2501207A,14,9,3,1,,
20232279,2501212B,8,1,3,8,,
20232279,2501208C,2,11,8,10,,
20232279,2501211A,4,17,8,16,,
20232280,2501209A,9,3,10,17,,
20232280,2501210A,13,15,9,7,,
20232280,2501207A,8,7,4,16,,
20232280,2501212B,15,10,5,9,,
20232280,2501208C,14,10,5,11,,
20232280,2501211A,5,7,19,9,,
20232281,2501209A,3,2,6,5,,
20232281,2501210A,13,4,4,4,,
20232281,2501207A,11,10,9,2,,
20232281,2501212B,14,12,6,7,,
20232281,2501208C,14,10,8,8,,
20232281,2501211A,8,4,5,2,,
20232282,2501209A,10,13,11,5,,
20232282,2501210A,11,6,5,1,,
20232282,2501207A,10,7,1,2,,
20232282,2501212B,4,7,6,5,,
20232282,2501208C,11,4,9,8,,
20232282,2501211A,6,6,4,3,,
20232283,2501209A,4,4,13,7,,
20232283,2501210A,5,4,3,2,,
20232283,2501207A,13,16,9,8,,
20232283,2501212B,16,8,2,3,,
20232283,2501208C,3,3,2,5,,
20232283,2501211A,5,12,7,15,,
20232284,2501209A,16,3,7,13,,
20232284,2501210A,1,4,1,5,,
20232284,2501207A,5,3,5,13,,
20232284,2501212B,11,18,11,4,,
20232284,2501208C,7,1,6,12,,
20232284,2501211A,5,3,6,12,,
20232285,2501209A,16,18,15,6,,
20232285,2501210A,1,1,16,13,,
20232285,2501207A,12,7,4,11,,
20232285,2501212B,14,17,18,13,,
20232285,2501208C,5,6,3,4,,
20232285,2501211A,6,8,17,2,,
20233576,2501209A,19,16,6,6,,
20233576,2501210A,3,2,6,3,,
20233576,2501207A,2,4,6,6,,
20233576,2501212B,5,1,6,1,,
20233576,2501208C,5,1,12,8,,
20233576,2501211A,1,3,3,18,,
20233577,2501209A,4,1,10,6,,
20233577,2501210A,5,13,1,3,,
20233577,2501207A,4,2,1,5,,
20233577,2501212B,5,4,9,7,,
20233577,2501208C,6,5,14,5,,
20233577,2501211A,5,18,4,6,,
20233578,2501209B,11,2,12,12,,
20233578,2501210B,4,2,12,6,,
20233578,2501207B,10,2,12,5,,
20233578,2501212A,5,19,10,4,,
20233578,2501208A,7,6,16,2,,
20233578,2501211B,20,12,4,3,,
20233579,2501209B,5,7,6,4,,
20233579,2501210B,3,16,17,14,,
20233579,2501207B,3,7,16,6,,
20233579,2501212A,6,15,6,8,,
20233579,2501208A,19,4,5,14,,
20233579,2501211B,4,4,5,11,,
20233580,2501209B,14,6,12,8,,
20233580,2501210B,6,11,4,4,,
20233580,2501207B,5,8,7,1,,
20233580,2501212A,3,3,5,3,,
20233580,2501208A,13,2,7,7,,
20233580,2501211B,17,10,3,6,,
20233581,2501209B,11,2,5,5,,
20233581,2501210B,19,12,15,2,,
20233581,2501207B,14,9,14,15,,
20233581,2501212A,5,5,13,7,,
20233581,2501208A,3,17,8,15,,
20233581,2501211B,4,18,3,1,,
20233582,2501209B,7,12,5,8,,
20233582,2501210B,3,5,14,1,,
20233582,2501207B,15,5,7,10,,
20233582,2501212A,5,4,5,1,,
20233582,2501208A,14,6,17,7,,
20233582,2501211B,11,2,6,7,,
20233583,2501209B,9,9,6,20,,
20233583,2501210B,7,4,1,7,,
20233583,2501207B,7,8,1,10,,
20233583,2501212A,7,10,8,13,,
20233583,2501208A,10,9,6,5,,
20233583,2501211B,8,1,9,5,,
20233584,2501209B,2,18,5,11,,
20233584,2501210B,7,18,18,13,,
20233584,2501207B,8,7,7,14,,
20233584,2501212A,4,14,2,5,,
20233584,2501208A,7,3,4,4,,
20233584,2501211B,18,5,10,5,,
20233585,2501209B,9,2,9,16,,
20233585,2501210B,6,2,1,8,,
20233585,2501207B,19,3,6,3,,
20233585,2501212A,5,14,16,13,,
20233585,2501208A,6,10,3,6,,
20233585,2501211B,16,7,5,5,,
20233586,2501209B,5,2,2,2,,
20233586,2501210B,7,11,1,5,,
20233586,2501207B,9,2,6,6,,
20233586,2501212A,2,4,18,17,,
20233586,2501208A,15,7,15,12,,
20233586,2501211B,16,6,19,4,,
20233587,2501209B,1,18,3,6,,
20233587,2501210B,2,7,18,5,,
20233587,2501207B,8,8,3,11,,
20233587,2501212A,12,13,4,13,,
20233587,2501208A,5,9,2,17,,
20233587,2501211B,9,4,3,4,,
20233588,2501209B,13,4,2,10,,
20233588,2501210B,11,6,1,5,,
20233588,2501207B,11,1,19,1,,
20233588,2501212A,13,11,14,5,,
20233588,2501208A,6,1,1,4,,
20233588,2501211B,2,9,16,11,,
20233589,2501209B,13,16,8,3,,
20233589,2501210B,11,19,14,3,,
20233589,2501207B,10,17,6,9,,
20233589,2501212A,8,8,10,15,,
20233589,2501208A,7,2,5,2,,
20233589,2501211B,1,17,8,6,,
20233590,2501209B,10,9,1,8,,
20233590,2501210B,7,1,11,6,,
20233590,2501207B,10,8,8,3,,
20233590,2501212A,9,10,8,5,,
20233590,2501208A,2,1,4,19,,
20233590,2501211B,14,5,15,3,,
20233591,2501209B,2,13,4,10,,
20233591,2501210B,19,9,5,4,,
20233591,2501207B,6,10,3,2,,
20233591,2501212A,6,11,6,1,,
20233591,2501208A,13,15,12,1,,
20233591,2501211B,7,3,7,4,,
20233592,2501209B,4,19,10,9,,
20233592,2501210B,15,7,4,3,,
20233592,2501207B,6,10,3,4,,
20233592,2501212A,3,8,2,18,,
20233592,2501208A,13,1,3,2,,
20233592,2501211B,16,9,9,10,,
20233593,2501209B,8,8,6,15,,
20233593,2501210B,2,8,7,2,,
20233593,2501207B,6,7,4,9,,
20233593,2501212A,18,14,20,13,,
20233593,2501208A,7,14,2,12,,
20233593,2501211B,1,3,7,3,,
20233594,2501209B,4,7,3,1,,
20233594,2501210B,6,11,10,6,,
20233594,2501207B,3,1,7,12,,
20233594,2501212A,6,6,9,13,,
20233594,2501208A,4,19,11,4,,
20233594,2501211B,12,4,12,7,,
20233595,2501209B,8,9,4,8,,
20233595,2501210B,10,6,18,19,,
20233595,2501207B,6,18,11,5,,
20233595,2501212A,17,14,10,5,,
20233595,2501208A,18,6,10,1,,
20233595,2501211B,5,6,9,3,,
20233596,2501209B,6,6,3,4,,
20233596,2501210B,7,8,4,6,,
20233596,2501207B,13,6,4,16,,
20233596,2501212A,1,3,10,17,,
20233596,2501208A,7,6,9,6,,
20233596,2501211B,7,9,15,4,,
20233597,2501209B,8,11,3,8,,
20233597,2501210B,16,5,11,1,,
20233597,2501207B,12,2,17,1,,
20233597,2501212A,14,14,5,4,,
20233597,2501208A,18,3,4,16,,
20233597,2501211B,2,3,9,4,,
20233598,2501209B,3,4,9,17,,
20233598,2501210B,6,3,6,14,,
20233598,2501207B,4,3,6,4,,
20233598,2501212A,5,6,5,12,,
20233598,2501211B,11,5,12,3,,
20123377,2501209B,3,12,17,14,,
20123377,2501210B,4,4,3,18,,
20123377,2501207B,14,8,6,7,,
20123377,2501212A,2,5,10,13,,
20123377,2501211B,12,4,18,18,,
20123493,2501209B,5,2,7,4,,
20123493,2501210B,8,6,7,3,,
20123493,2501207B,7,13,3,7,,
20123493,2501212A,2,13,17,8,,
20123493,2501211B,3,7,1,11,,
20123723,2501209B,4,6,5,6,,
20123723,2501210B,16,15,9,16,,
20123723,2501207B,5,4,6,10,,
20123723,2501212A,11,4,3,5,,
20123723,2501211B,11,7,4,2,,
20130944,2501209B,4,9,6,11,,
20130944,2501210B,8,8,10,2,,
20130944,2501207B,14,1,14,10,,
20130944,2501212A,8,2,2,8,,
20130944,2501211B,11,2,1,4,,
20131661,2501209B,5,7,13,6,,
20131661,2501210B,4,2,12,8,,
20131661,2501207B,13,14,1,16,,
20131661,2501212A,6,13,12,8,,
20131661,2501211B,5,9,9,15,,
20132937,2501209B,17,7,19,18,,
20132937,2501210B,4,8,2,14,,
20132937,2501207B,10,11,18,4,,
20132937,2501212A,8,1,5,1,,
20132937,2501211B,11,8,5,2,,
20134112,2501209B,4,3,13,3,,
20134112,2501210B,19,5,5,8,,
20134112,2501207B,11,3,12,10,,
20134112,2501212A,5,2,4,10,,
20134112,2501211B,17,3,2,9,,
20140963,2501209B,2,9,10,7,,
20140963,2501210B,4,10,12,9,,
20140963,2501207B,7,4,9,4,,
20140963,2501212A,2,5,1,19,,
20140963,2501211B,8,9,3,9,,